account,amount
12GynkEYxGweagwfegNCVMyHX2c9EtZ4agYPxLrNHdR2NF9V,250000000000
1128CtCaVAFsyh8KTYuYsNpFYo8JDqYWv2qRYBbUC3dXrFwD,50000000000
1y2V1ECTjv2UWsuepJMpwfTKnm2Mj1qod4eCmzMUcP4DKdu,60000000000
15JPYxRfrftrrJaZtgYbCk3g4x6XzPfMFkyLV2qv9DFyUzuu,50000000000
13G98jBr82nTLxNtV1ZM8uXgKxjBGySzoVjVWDXcSsd7pdWU,200000000000
14BkC1taU6HsCsiKEQK2mMLtAspSCdk5GMrbvHAEyn4a4dkw,101000000000
12zYUFNJpGhJbVHLLfscDYp5mZpMuKAidZzS2ppD2ad7bzNG,500000000000
14NHwD14aJ2gqXHxhfX6p3kj5FQRBacdm4fp11UQkE4VoNj8,91000000000
16aChdBysuc9Cbv8gScv1VvvgWpAPP8oTjuiZs6AUWEWNpJb,152700000000
15VcckBKPYdSiRW7oAc1cmpta8dD1WvJJxYWdvSPf9qSrixE,60000000000
13tqqnN6PDci8sbyyWeS9P4xjtekfzi3j66hwWaj9BB6egp9,1000000000000
15BYBoJufBVvNJiMJYAyYG6tSMz4cPwCcd6zVdHkWszrKHbF,820000000000
135qmsPkQCKG8kPSLLq47VpgDb6YGQJnM1WMb1SzMVygLYTz,112500000000
1311Kf7S8xVvkcMN41MLoAcfFTvZsNzqnTQgZ97mdfRB4nam,300000000000
138j6xJ3niZM2sgEF1V8ygbheEemnoHzgj7CH1RKqFwDoHwe,63000000000
14whnVUqJRGV8FwrGFYvujd2Q81eypaFg1EgGYzcQvPzCLrf,220000000000
1C4LtY81F2RDXdpEFg1BsBmA69cnaxA9mFsPA4K1WMmzm9q,330000000000
13DnmQHD5onxx9duVxmc3tyTxcrEW2e5o88L4a6UdiSg2aw4,1000000000000
15ATzauNoPMVJyqpiDoKunj7FMDZriueh4g8u2SX86g4TqWw,50600000000
15K5ZXpqUHkNXHaDpduR49odjy5mwdAb92ASwWfNj5ejEEBD,50000000000
1zrBSU7hsMvy3c4bZNw8dQLgT6XJpg29ANGTdpHgR3rmmYr,150000000000
12sNyqkwaSsWgaXbGQ8jUompiSTnmMQaaTcLpkeWPWz8okS3,100000000000
12ggzbxzwGwsdKFp9wWqK1xq7T1HDTck6WBnHZva29iaWfzp,53600000000
13bT1CBPKJs1AMTPYPfrNkrUzCpfuteQ8JECckwSj7JKsqkj,50000000000
13jMG93ZJbmDSpC5ViEExfy375fAkYpKd4XC76Zvfszo75aW,50000000000
13whVhs8udpQDwAb6LE9zfcnDyd1h51ZTHfoK2Yq91bL2szL,50000000000
13EdJcZx7apgBUkybuwaSWxWPHf4CAuNXWDhZMSndVHknccq,645000000000
1437YjEYTurzJ35SUrKVKd999FY3w4P7fcGbcpTBZxdm9eVJ,300000000000
15VJoKedMTwvtcQHr5Na9Hnkbu895RZnQfPpb5xBS34Grqb8,70000000000
15wMBhHMx9WPoXLAFk2g3B32uc1WfDZZfsggMgA4MWPiDeTn,100000000000
13d7Q8KvZjajQJTHAb6MgJbS6xSaVqihipEFosr5Lj5vz4V2,1200000000000
1E9X2YdydQjdyQPoxoQUDoFuemHtiaWstdcdRDkmreHdjcX,50000000000
15LvUAS914xYGfifF1XL7BffjRQtgxBCGtZXJurps7pPQYiP,189000000000
12nXadaRyHFtPKrqYMzQ1favMxeiKag9zhJUh8FaSGACdiBQ,100000000000
14dLq7XS5N6fkeXMKhefDfUDozJgZAJUMQdyJqXUUzvZYBPG,350000000000
12Ku1h9uRsnT3kzGU5Y2xRcn1pn9wfAw8sgdsNWkP6dYZGru,100000000000
14u3LezDxcFN4kVwkvEKdDkns5jaowkwuyS1BpzW5RMsQaR9,194200000000
14bFiX8ZkcPpSfQhVXMB7XGPBzETJzgvGDBM2TkibEbEoydg,500000000000
126Gf7CrVQ34wkSYnM89Bim3wUqNeBTSeTkxPjCbSFvCtyEw,300000000000
1Tb9wQ44cCM7hrkJcmkRpsViF5HjG1NgMH6nPiGy1wNueAy,58300000000
13ax9G9hVQW4byE6EQhzrvcTKv9Rw1NDvWwb1Cyf2LRWSLtt,3000000000000
14TSTq8a6aQfiaDxhLv8SHNnPby4exEQ2pBNzz4zRNRrNfm5,50000000000
12TANfPVTSAt1y6Gq41265wssccSLHhQ9iPmF81x8wSVcF4p,875000000000
15fd8t63m3kVoLucGdutrY8ozpxspfxxX7bxBXShtpARKsQm,80000000000
15VguoWUkr28FVanYnLihB3C6GkKVK22byJ9xfiEgEyNpkxb,300000000000
14Jyc9hYTj6NAgq4qRsA331T53GMdxyFnQ9ost5Nv2SfJ3KQ,59670000000
1639EhWb6Rdvt6cSKfG7baUWbzZ128PoL6pGmMo6aUWFHjSV,500000000000
16G6ZxrPHQRWQ6vKS4Lr3Qr3REHMSczQFT7iAk2iaS9sD6tq,100000000000
162QTrTTtHZzSye2tp13rumXPS7XF3wQe2qdzdx4dTpLagX7,200000000000
12hJjwm5gvzC7Bb7wyjGswJpnx4SwELnQga71DEPsQnZNPfj,213200000000
16euzaEMdYYCsvMAvYfzU9g9QB56aUoh3eRnyhPWx6bDGqgD,350000000000
12jGvFwuKKmnCVnPWe4M8UqeYShoppfZAMXhdBFAmDXZqQf4,267500000000
14iLP3BQNLNDGyoRre4UVds3d2VrVCfoTxCiV933QjPAFd1W,500000000000
1WNkDcx6DJuMBBjcLdLHtJ6fv4igmZhEBw8RwZbbpAe2Zpx,1000000000000
14TUZj9ngfVxGSFg2HzSy8Tti8wNv3Mmez6MwJWv2q3ND1wJ,50000000000
14YiG8yAfEgpo3HqDdWEQwUswnrSRhmePaDuZrdQmW6CG3Cz,299820000000000
13battL8N54aVoGo8UuQLMBoJdtdmJtbGyUJ5vESDcAYw6rg,400000000000
16PFa6a2FVZ3HRHqNfXajRfzthbgcmSy9vn9zpuF2KLdGg6e,100000000000
1F3ro67Pf1PMjNuBj8oxoF8NBTRdhqoRNZ2EUeRPxM9gFYd,950000000000
12bxasZSNv9tLsPDGTG1JgX6VZEUvVwUuCJsXjADtZhH8F89,50000000000
1CiGRDL5ee28S1YCmDHXLuebri5NWRJDECrzYCYeavWQeK6,700000000000
14zXNyBXWs5fBGhCZUrjy6Dnt9ZmJhdiosLEQQctZXvBb34p,200000000000
16Q2hBBXtuYDygWafEDC5eijserTPBigwhCAjYXms7WQbYzw,60000000000
14cvJZqprsQCbPjyMVMhfXLsEBarKhcpQ2XgstqeZZfrXqQz,60000000000
16cdX8YK5g8zG2qj3QQf6HPCDCQjRFu5rnXv7JicH3CGAxzw,180000000000
15BZKVrEaLo7xCUQaJtDpVq3aDNP2LBY9oGc2tUMQ6PdWx1u,100000000000
1CEivNpKU2Jjfg51KyppGjwtGc7RzsTFGpuTLXjTrrkcFoH,340000000000
13bkb5qitSHW6PGLiXurgkBqmh7M4keqAt4w2UzEKzP3wqk6,100000000000
13NRmDsZWWysCvCAVc7J3pT7UKcLq7CY2Sdk4tSDmLV9wyyy,350000000000
12atrSyPTCCxzziAi1vZrmV1SRmTx2i2EiE4BFg3DNPQEGPP,138000000000
14KUFtCwd2QXY8SfxqDjqnUpPEKhGh9ikaj62Q882tKLhZvq,188500000000
12vHJuKRVTu7vKgska2KWC9o6gYGdpm4BhKYj9fFkvYJEqva,1170000000000
12vNJeocowByHmDaK4HQ9DgYEGwiPuqzc8Dvkv99eQwJ1fBf,200000000000
16GJoy5XPXXMBZz1Wefzkm5BXFTFYnMkx6RGgqP7sMP8T5Rb,340000000000
14tboXEepo1GuRvNB6hWpKYfb2LEQ4Hwvt9NMknS5DR38JUg,1000000000000
15b686BVwdYSuRv3NideQdGZhngrTUbBCu5sAzS7bsMt4V2h,1000000000000
13bkTtnXkvB6fKTDf1WGj1Lui5Vgpd4gSQUcLbaDgfWpXxNb,50000000000
1gcmEy4cuQWYCPjKWMjxcikYHontMfLT7gRrAmn6PBXDW6N,53000000000
1248xaWjo3imkQ4R1VJZs7xEwCRyNXDsiDxnS8cjy1PXk6YA,250000000000
15oF8AZa6eYgn3e5evk96GYTDduYctdQSbrVZAqDeEZG4ezu,700000000000
15VPKdEZ2RXqGqQq1i69d1pdEkPmg5Uc7swMY53TZaUKbGCH,50000000000
13pTrLAmHNZXzgKHFAjXaZALzQNRW9UN1v9rBujmnY3YS3Na,4450000000000
1b9v1frzqKmVgjCAZZynXTe9WCF7k97pJLCBJmkuWyP4g9E,727900000000
12TkmcFfPx1ZNp5MtoxCvjag59NWQ7v8mvcbL6sesEaqELHc,126680000000
14NAnTfFwgewkXzwZ6QbEpCsnkj76Bgcy5b5mvngXL7kXv3Z,25000000000000
13nHjTPYBSUiK6QyiAcvEqi2EHLUbYJSNrcfd9Jx5JCiHVv7,50000000000
1EaHhxAfVYgW9z793YCqDSWXi4BoWrvvDHmTYecdVnYUYMv,1075800000000
15rc2DrfSopDnqMi9GCUtekJfQEetQt7mpQBtuVsMwpGB5k2,280000000000
15KurVtacjd72vmwLprp5n7Xf2Dp31VDmsySQ7zNpyiHUCCc,1469600000000
12QyCNwjrRyeHugXwiD9SVzjSfkmxzMD1s7X9NgnvUsxrQff,180000000000
12KsPYoBmsUN6zmhYgf7ihSqQFb2YsEZeKmE4uwcJjG3HS4e,1760000000000
1R42Dxob8DcbzyudXKKAgQVj2NvuSgMtqikC4ouLnRPAWzN,60000000000
1TkL4ZNgnfsbybXhBsthQHdJuxmf8mkUiqnVTaAoXLFyvRZ,50000000000
16fCv76ZyD1h2KU2rUmQsDfXG3cZCFPNW2hoyGqkx7nhaSJN,100000000000
14DwgwdgHbYC8mFzJSkHMsuA95GVTVNm9Z6hgztiQXRYjsH5,1000000000000
13gAqEhHaL3xD6GKxomzckiaZTKQ66gji5LXfXebMsKaMFbw,200000000000
1LLaBt82f1J6d1oewCpitF8aYjAeVrDF9wJgiAWbRgUqxos,50000000000
15FgkKpJ6XwiC5oCi7SrnzYZQ4brBnFLnsKugHGsussCvFzB,502000000000
16fwuesgZtF4AJhUrMe4qUubgdbhMxUz7qKajhRJ58mL4ECV,50000000000
13dxmh66zVgKG2xR8naMXpaCwEwLw4d62eXd3GR8DUUxonLQ,510000000000
14Y6rCgbiQh9PX91muKLvKjo87fDXPhnUorzBrk1CCS4z6mD,258000000000
167YJTjFUQFJT6mZcdrrEyqmaG8dqKyCnPxxU7ut9HdQgfu6,50000000000
16evSrwGiEdGR3ZahPn245yKmMHoXXSo7zJqd7jc328yh44a,191700000000
13KxyWwqnB7fqJkFFips7iTJAfZguFLkpZb6k3gBUCSUVwro,100000000000
1A15CyTuCDoT4Mg7beTWiF3eGcpRQ4wpj86e1BaaSkV5VbY,50000000000
15wj7yhpQRrKKN9NngyaMnP58Z7DnrDUrydvJJLeSdMQ2JAh,100000000000
1TyLJz4Ck21zCZtRFZcro673bALCtatvUi1SJd2AYAdmp2D,950000000000
1epZNCLsRKUyvFKSgcX46RS7kdJepNZwBcejpVwghtE4sqM,50000000000
12X5eZbPUAP1u5BXciFUtz3wjELYAyh1Yq1YccgKvPWHTYkQ,599000000000
123UcmBzAf7wnBEQq7c8YU8xmX96SqaJG9P5MeJvDaSBjJo8,50000000000
1cL7eZRzPeXUmro7cf4NV2HyidptdRPueoYvuTvXhwytmfk,300000000000
13E8SX4yaVKhaxNn9ykBoF6KvpckBUBU5q6GHccL6cupDJRn,150000000000
1bx8AoT9nwizXZhuWB2x6RyspCxq9H9oevCwpAe6Eo19rYd,200000000000
13EPVbA78WbbfWwqMRPCZTNrMXg6v6J6np7sBVMhmJ8F2euc,50000000000
13rMtkgkMHZTsyAXYHQgwHcpX8mHxBkZgoycuYHfS9D9dEFj,223200000000
1LQgbPQK9hAUcTss8EckmPcy5TW7MgJU5GMRw5SgnhEYPDA,50000000000
14GiGWDMkWra9FojEEYyoYWtxi4FGAiaW7tPJX62V4DJRFyD,300000000000
1HijLXcLjgyUnZuscT6RHuPJAfMPmMh6DfgEvCJ63CkPwub,50000000000
1EFZfquf5NWX2gszAXW93fgCEjmrKTzDUFBnUZPquYrpnHW,57500000000
1HqUjQujiGoFjrDWuRB9wFdGUMCu44nwiPRDabD6dXrRFj8,60000000000
143PikNqBomPMQ6YMLVg2ZseURAyFmSQBVupNvEHjUau9iJg,100000000000
15twy7tTDrqtigGWMaX6qno6vJM8ADU7LKJDn5b4JPgv42oL,400000000000
16A8RPPBgGnKH3Ns7LQPdYXmkDtotGKzDUCdRNkssX4DKeek,50000000000
16ca7WaB7UGknqtPkGo1yHDsL1RfEp7JdCaW1ayygpwLhoCK,50000000000
1565TwncvdWUvCaeZ9zA6QZgf9bbQPHBi7A7HG3MmNNzNFCC,62000000000
12rqMRPL1PvxW6yycsAEUwxJoXRGcAZJNzoNDTJmySgJkt4k,50000000000
13onm8qrG7k8av65XBdZN6aabZZWC4oQeEe8u94BuSCStSSv,60000000000
13BC81KEpn5saYGSH9VhngATYX9sMs1uHSwB9LQQzGZite7G,175000000000
1NpBmGAPNQvtnKnJUzNkfbG8Fsi8XTPA95NvBRdPJudULRt,159800000000
114EHpiRi5ruxGWERk2HM8aABS31NRp9M1cs6URhFtpsx4a,60000000000
12rkhg2LLkedcoUZNrGqvjjaXSuNqSWctcjnbtHsReGhrBBq,50000000000
1pVSPVU2vfs1oE2FmxcMEkfjHXDC7mUtJHUr1CWpkxnihSt,100000000000
16pyEwt9BikT4nStHoGDBvXkrd2erEjVzTdFKxuFs6Xdi17,50000000000
148ENKQy15AvPcgcEm1ckmjvE3PWU3kUaTEThXXS4dotjJtF,50000000000
16zAU6GzDZ1CXhzuzkSHLF3CCHnxQr9j2dHWDbcaSLk9PPk,50000000000
16mP9YKpKFDaKSuR7PMoe1SUHrx3n3eXmP9HhWJ7RnE5hGJZ,50000000000
13sFedYs49eZFztzYTpwAbgrxyMWPVazpotFzkPasgyoNsBq,70000000000
12uJGU2jJCgZpZUvTiiSvgKgpJfZtrodEnuxJ44Gfu2GqQWm,1680000000000
131aJtxVpd9o2G13e7odjJQNpRye8qx7zhyUHW9TzVNquZiU,2000000000000
15VqMyTbvJfoqrCcCUZPG7Hvo671UboSvqHFbih6P8kpxQ7V,2000000000000
13dwUgitpYHM9KqwXGCidp1uSvpsWphky5TscwS5HoJ15Fr2,50000000000
12ThHnZ3D3vxGgLuRp6DutpmQvuc5LXBowiX2VKDPgeMZFZS,220000000000
14M6yZ54opSM8X8ypDjznpCRv7YyTmMXyxs9z8NvYwWvNYqL,480000000000
16aa7w4jb7VLqAE8nsDNQc8AsyEeYUB1JAsEDKmErLDG1beN,72400000000
14wU2Frvcr52APJHi9ms3tHiLsy6jJpzGxco8pRtH3AW71Xh,970000000000
12WKiakqtQam1gvTB3oavXfPTHtPngrWthGdRKDF6tPjaxUz,200000000000
14SZXsyFYEZohwFp5JnLFqRDobKmWK591REhHaEhyo1gmtxo,51000000000
15kZ3SZuuLM2ZtQmBBVkGUJ25C7bojKzoEhj6hfyzxeoBmuT,80000000000
13Av1VkJ771LCycosWXX6BfgBWgJFpGBir7B97QgjFQLasWn,276000000000
12NxGgb5vsuKvgDdkcP9WaUbEEuZVYQFWNkn1NqywhDkStWp,120000000000
15DMESj6fpKTEyvaPh9FZ6e4NvxsBeLLiTCbpvXvW6X7MfgJ,100000000000
15YL9VZsztwgGbdKHr4gXe65Ntp1qZ25rgukHz3gDYPRcATv,50000000000
16SvKh7ueX3nH9mA9jP59EaTwtgphD8WroabEsskWjZs1EZ9,606800000000
11fWR4wjH1DdXaUjMdrsq7ZudBoraGog872HPxCifoXiXF3,88000000000
12RWYg8doMBnuBuA41LqvpFPWnJ1JzJVTk7He7rtvahmwXUD,58000000000
146FyoJSmC8zzG7zxHuBxiVW1qFw5GUMxAsvYB6U5s7RijyJ,110000000000
153TyT1E2L7Bhut4M2FZiGUtJ1TZciARwi2SPeh1ibc9RCsW,256600000000
16pdBgTVAopxCfDDy4wTZASjrqYa34QbdNWjyNrsx77jpg2,50000000000
15LxsMLrcfZUGVxkorVnUtNxpmb7TRLqWpgBMUeZ1RuQgurV,1110000000000
14G3e6P9EHwGavoGQSvCehANtMcmeY51QudX5znZ7M2ipCch,239300000000
1P6MvswPET74iknSx2DTGmcVRCespCexCVmXT2KyTzGR5Hz,350000000000
1q2VothRpCt1u18psBERfZcJztzbmjDexZzv14hitcwa8r6,750000000000
13WNFRCRk9p1GQeExx6fE356CFkAnjweoawpY5Rh5QqDuWoS,750000000000
153Kps84xG8Ny78W7p1JLmLf3XjR6nNkbWHqbqFrYgKJpaK8,50000000000
13Qj2rGvQ8oL4XZJdRzNTH6ZjvU6svWybBCkPNosv6o3qEMN,400000000000
15uNzMLnkYXeRiLtmaBdY9Rt7Ch7tBqr3hPwD77R3xVWjbcn,500000000000
12x2jMkLqBrBrdwcWeMmUFeouXYXW7jKvz1VEo1vYiivxECG,64312000000
14XqjkjifYTBzrxAVZ186MHtyT5xa6xQQ9poA61isUGC3yH6,110000000000
15x1DVsmM9qpo1cGBK6YpcKqNNfWwhZYk9Wuqzzhek4FrUMx,250000000000
1565RS27PbMMJwH3xQ79FmqHrZeV97NXxE5hwiExnXAG2LqC,150000000000
16dSLyhfFKV7DdHHTV9hZin7dmVtUrS9fXTTLWVnpmqyhqEq,190000000000
13v5gKxPW6EspxEmf4w3S79W41bUDARhWrdDxqXS9gorpC9d,696100000000
15AarC4cau1XR8daucUzqb3oRsooJayhwp6FRCYkAJiavDzZ,50000000000
145RMbLdtJKaXEuj781MEvB584JLYtAfmJRr7SxVXQcC6Tmw,240000000000
12sHxAcFMZEkWFHr7uwPuV63um7gv3VBzYpCmht3nYSq6raQ,336497500000
123YiNfLK912S7b3frLYEgiMFxsCxRLCKipEavWJMNVX95ED,100000000000
12QNq7MQhk31xo9mxKqGs6xPEw22ezWXFFewHZVeWH2Lix7m,50000000000
162de8JpwpTpfF8bM98rd84pHzQJ6h1siNqdqcZMNvLdFAJ6,500000000000
16JVupx1iSNUqhBgq4MRE78M935AXGMYNUn8uYEZGPBTNVfr,50000000000
191p9JdwGnDiqtYUhXdFA3z9tSC8FJyVpR85xcJGv9tAvt9,2500000000000
138NUxAezwHWfdENUArE9BPWy7mEG34jx1wXPKNmjMZJrYHg,900000000000
13iZ8Mq7E9gwBZWb35WqMVXRndxhkNPDBp3UhLF87YexmPWv,65000000000
16fdVgmYRiTDwm1EkHYYi1ASpdTExiLcsD54XzqbpU9HbRG5,400000000000
15BBeKtK5UWjzaYzoVMTTkftyUMcy7D8DffvmFxdEeEEhomw,50000000000
12WQ6mRPXYLHX3UwTeia6R7i5bM6WDZpJLC7oqjxnVWKDDiQ,650000000000
1EeGHSudCrowbZyD4SVy8BQEWVPacsE2HTDXo223sWH1pAo,50000000000
13uhoTbjHw7YfMfyQjH5UaTt6Vsr4oEqN4X3JuZhGcaZoe1u,80000000000
15w8YXXXvngnwJaWMXi5zJdY9r72ZzFMEztagrbkUTg7N5m4,60000000000
14gC8kRYbRxp6U5J1pn7iqGsWb7bXM27vDSxgR1KGbbJ4auD,1757765000000
12UBWt2majdMUUBdb28MpuhCTy9TAzKy4VF2ga4VGkASz6HX,60000000000
12EHB5kzKDWgrXMSpaJHm8AiEfvAmM7TT7WCXdP8K8bVDdDB,60000000000
158TFjGo9dUosbjWWo6bbAg14mJeSgFckXTg65bAM4ieBPnT,80000000000
12EVY5cRca5oRZP6WteDbafKWtvP3GPLmRCFvQmwx38Pf7qz,100000000000
14kyqkPTzTSPjjYb9jcgc9XGps7arF4ZbYDfkBXGBGjfgRHH,50000000000
12eg9iSJcYvaCmiXGviQo9ppC4CSYVBeBycUqzoFPrnmt5aq,200000000000
165xhfgkGqpb8p4C1SaFawjMssePqAJHBxPakZcMcErHhvyU,60000000000
1sDACwWjpphLhqWU6WDiLqAFKsE5fYLDRQHLLGDvDpmjG7a,249700000000
1emfqnUK18fgtAWvHxztZyve7BWej6hzTY4Z6gnPwdt2h1a,1120000000000
1sxi2Th6yfboXwtgzrKJWxTzCr23kLfiNXwkuQSosJLXS6q,69000000000
139RjriszVRSngWRX6coyVJEvC1QXQsi14z7YAAZ5HkTPezY,1020000000000
16AEdJhi24MkJd2wKAp1YqUkgbYLg9UKMy6eqGXMnmp43okx,93000000000
16D1uSrBZxvUrCuDBCHVvwqm3LS8oB1rpzMQypwQ7F5WvWdZ,1460000000000
15QRgXxBVkyhJRDKniAnA3Zc43Y7aRzijDARWzSSuJozmBYs,80000000000
16Sc4qgjtt5SEahzbxpeu4dJ9CqYFDuEuFHL5kDj2EbEUNAm,110000000000
14r92ejbyN91jhURocZ1Fxj6n92UYQVXrDu3tRAZ2KJtNehE,400000000000
1mqB72DZ6Tknq8L38sdbeaubvx5Sq3cGbrfQoyFzmSasNXS,50000000000
14YDmVXmMSTEhG3DFC7kCN6eM82y2EydNxAB2rBaWdbhy7Jz,350000000000
12KDQVf7Nn3NPKWD9qj5gbXUv5p9oYao1riEMrpSaXB4uYQZ,4200000000000
12xQaPWhrG8q6eMJqgssdzrYsnaf47Ni1ekR59UEKUQJjkAy,50000000000
12q59NnqAdsbkcxwZ34X5zE9pZDYe1WcgsRz5gK7hB41HGkK,50000000000
1CVfC2dFHsSFAnaeaDKAiLimQWFHaKMZ44YEWsc6PpHTasx,208400000000
16S6Fni1owuhAabNpv7CRiXRzHk6XSGv42eKhdrQaepo3339,210000000000
13sKsU6hdG7XZLsQmshQiD2E9bw8gYiLUwyc4dFiAn7YXvtW,200000000000
13KbaWkwpnhpXsmmtwZmCL5m6bzpVHUZD2Rf2szX6Zfs1Ara,300000000000
13XisGCSsyF4GdKygKqJyu9h2Qu5KNAviLX37uZgnz3u819K,270000000000
12xmtsckZvfzhmD7yfBKnVGfwng7rsNoRf9NcwGXThefyj7c,100000000000
1364SogCiowqHwgn45kvU5UWhnMhsQAYLY6fKhwDJQvsEmww,100000000000
15FzVhHzq1dz8MW7Y3PMUNM1WRCnpuwwrRjAJPPnhcJt6gZH,110000000000
1evT1c7A6yn5zSCujD9qNbG2mdrwRuv2dvAfRAQDVmNriSF,220000000000
14MsJUzCFnW6eYeTttYDLFxv4j9csH1T8GV9LhfxQX8nX2n8,250000000000
1CGRwZUstw1tgJCe7NAFLwZEQTJ5DJsZwdev5xV3CBFuUgj,100000000000
13zo3EYmC1nEqLV79p3mGwqbkQeKiro2MhPrSXzpA45NG5ko,250000000000
1582wf84kiqSCEBFR1oAEWCQ3oCQLo4yh826UmDGFsSBEH2F,50000000000
13sJSCixwh1e4tX5RAyyk3irw2k4RAA574E3PgoRAtoRXqnA,1990000000000
1WtcJDhYA6stDFtZtb3m1CPGfCnPU4N3D5fDuGe5bt9R2CE,80000000000
15i18c8iexczw8s5p6jdLHEKieecbCT2LPq5V4KhjszFs37g,100000000000
15AiF4mLvdWbLiPCPkPaGi2oiiJDPi9mvunPxMkvZbMEyjTV,50000000000
15kYuWrGeKrigWfwcNqR8oEyBQkxJyTsLW4UrWZTxP4S88HU,80000000000
15dFYJEEJsdLeErJMQQWKVrtkjKLLGCB4wJggFjRUDBAmJoq,100000000000
15uPJd83RMLqCvM548Ee1emEBfZz82hT4r7oJ4DUvccecmdG,50000000000
16LUBfst1UmRhWpankC5aRcR1mduGuR28wgVQ8FikTRVdHKS,150000000000
12NoDpubtBB5vdPKNQ52fcZNjLPKfuRb1m4BgqkqeuybeUWd,600000000000
15x5se49boFYQZb7Y6iwDj9PXkpUSaWW6wZihyuDr1scAkus,50000000000
145dJgLDXqVsbwZfa1vDVBojYVEDsdBEbfbcZrE1Cr5WNXes,500000000000
12nRskjcqR3QTf6qE2vJ8CU1YKmvWDgBMe2w4Hw9kq1dpMSE,139000000000
13WMZZeW37yruaUnNeFmNvnni2NFnvKjgyXYU4sybQUiLMYL,50000000000
1QotAsJJXN4uEFSKgKAVetrzgdaQbwRQyUJTaNnKUc53zMi,200000000000
15fR3MtDG8cZr6AersxYDA7ftM7doDsH8eboguKNKKGmQLK1,380000000000
14bLLGDzvf1A5YKSmqofMnVeC5XBVTtJbmkRJaYLnecJgAyf,250000000000
14mNNGf9dMLZD3uZZbFUaEmUmhvuqFTbEXR3zUVL2ocUamMt,500000000000
12wxbP4t6ad3goU7UqsR1kDMKLXahY4tKYPQ4ErPsiVALS1r,250000000000
12xcbypNXG5RgqLHhEWEc1ncPzmn7WW5T4wGjmjJq9tmZheh,500000000000
16FnMPe7ZXLs3GEvFpFNqKvrMFhAyxAfBuHGWDqnMTQGmu8v,8000000000000
123XetWZvPWgoyErmnmQ6BKPMs9irgFz9gvQiPw33XTyZwzw,190000000000
15u67Xza9TSVCeVpYEmdTaxvgGdpSv2Lzp3ietXQKcu2K5Uh,59800000000
13sEtqkzoXMkTa1AYzxjZiYjFAkE9Fu57Ns4KSYe68aDip9c,60000000000
12HMffeDA3WKMWpNrZGj2GL8x5aExuXirgEmYrePeyzhuorH,80000000000
16AeY5x3cQhUfJmrvyU6hrmgSm2qAh9JBg9TT6dWkzcvD2jV,1772000000000
13YZqVbj1pCDyxdQffXQYwPWZ3fwQA4dbRdrcEVFhm5NWbc8,250000000000
16SdxEzoS7aZYtFHSComCdFqpeRb114ry1opMk8Ermcwhyoj,55000000000
13ESkpryrxJkvCgBdEEoCrnat1qdWs4yY1YuMtxs9WGgwYNh,500000000000
13igEwpPiNRAfczSecBJi5kwhFQJjzM67YA7uihcKoRZ9FyH,200000000000
13TFgqdU8HQsKP1zcDu4egEZYiEmLz6zqG31QERKmEYzySrV,83100000000
1cJW4c54J2uByZmPtBXHA3ybtEnSRxFWud7iSNxxanikJF9,100000000000
13K1KmutYMDLuib4qjxjfhfp28Qis7YqcAGxbJCyS2YJwiHT,6020000000000
1WRJRqGFdGij9D3Kd7sbrT1ZH5qbT5GkBNuTsP8bnHjYWrv,100000000000
12NBbQ7xjkSeHRunmGAmhAXewLNKv24B65AfKagTw15xAMBt,100000000000
16fVVporHSTS5UCpBCudSjFmbkEe7yvEsNYqcDh6nszxMQrZ,50000000000
12Gd8wPdTBsN3MEh8cVynpRASzh4Dy6DMZ2pRd25RiBfetq9,1250000000000
1nt4ynu2trLcLZzfn1GVuvVTdnWk8KCanKuRkFETEAiUNqx,110000000000
15QPVNnWMqqZsdxsrWWTKFKxqfhLfWYa6vSFYeYLHZgcQfBg,50000000000
17HcJHwYXSmk3xLope72KyE6W73w4zAhNM9MSTp88QiMrjM,65000000000
13SjW5o7gN6vztUjcxsFTLckSU3DVy4Kx845sk9hYxqZ751N,119500000000
153bxcVLANrdZ8oWZdJR5J74yvHtrxoisPdfLm8XKmyQFjaj,1000000000000
138z1YLg6LpZctR4qaHUjvoCBYRhe1jxTGWKqAiaxG5vnKHu,450000000000
1HbWZ8FTtW4WDcXD38evEg2xUpoM33bvpwaEaWpza5FegJk,200000000000
15uHtdvZNeudatUW1xfQDAf9oYzuMYWzfTERnFPgr4A7ejG7,100000000000
14V4JYWd6RjE5iAuAyWYjQj54gotH1dv6mW8v9bdqSKczH4g,50000000000
1usNd5Rw5qhnj6hyP8e8s1uQJz4vXsYEbT4EQKfBqUgaD6U,100000000000
15mJ67emLqKczsR5pG9yEtkNzvr2xqrG2WUrpm1ityrmWgF5,100000000000
15pVw7Uy1EHwWEEWnzeq6q7cQzy7hofNRk6FXUhXEMq6GKtp,50000000000
1W79N3HZfshBTVHKw99YJ9uBLxGmqYV6gZytjycXmpjqcEU,139000000000
1hYWJfTJHvd4xVqzRsjGxBxUa1iV7Xet69aoC36doihMMhV,50000000000
12GXVgB9RdwWxooQq9ywn5tU8Da1DPzKJk66cUbRbSgsLVG5,57000000000
16PGBskLVW77oVMMHaNa5zSM85dgpt7RCcNphot6qdyBWtZs,50000000000
14sBARtgqA36ihXPse58FzD9qasaRdqgBBTyXsKND6CDV2xF,60000000000
14r8AQhpf9ikvLhLoPtH9Zy7Hfyy8m8p4zRSovXjPChbZxwa,1050000000000
1xc2fc1zrsyHWauJn7cxp7p9a2cWymmnhJpqDTbVvz7GmQV,123100000000
13cHPt1Y9YkeBk4NSPh4DzwCd9Be4dWM2QSG1P9u9pSxzEtk,150000000000
16fmSv1qqeiDmnummq2v5nE8TSxsCd384PLBuq3mA1Ua8RMf,200000000000
12BYHfUEUzN9Cf68TWCqzi7qhbkBrYmRih6iwC9wpa6iELV6,64700000000
12R2BsmJavqK6usqPATofiZUVnFtCBNWW168RNEaJt73vCEn,2000000000000
133w6mLkN3zb69u5Zv6uPVZB9nSwz6KWQShT9ruMovy7ZVC4,548600000000
16VXFjvHzc6tovLFaYPDN5FiAzJ5Xp42rbhxZzG1mP7KTrza,50000000000
14sCzftevRV79YYRRGRdivkwjEbFREBiSKkG8trN542Pm8Dg,100000000000
1391KJZxjjgcc2qEaxci6VekmkrnEx7S2hzT9tSURMPH3wuo,1000000000000
15oCgTbv2ehvBA4WAJiPxWLdw2VThZuXN6SB6hwPPtbgTX2K,250000000000
135v5fNiqMr2JqHLCEthSQGcdsCaz8V84rWP8idZw2UuvJ4G,509800000000
1ea6TNy7pznkBrHMfjgYiCF3NR3Gra9Kyv3txhmjYEBcNsa,779000000000
16PrQ4VqNn7JuYjqoRUQE5aMRUQq58j27z8LKGAugMD3k4JJ,180000000000
1GwQpbz9EbMej338iKj91FaWivCYtpkLQEJuEpe7JUL4NW9,3710000000000
12sPWBWnhncA4a7LvyQrZvYFZKy1J6P45CgqzDK3WBoqC5x7,400000000000
1hXff9FTmLMW1C8WfS5um7v95aVwiCGDi3rpUngn9BiKdWR,50000000000
15u2nbBDgeWAChB1yBv7mkz2jDeeSzffxQ2X43fQxHmEe4qK,50000000000
13N7GJwL1ffVbVF2FwHReb2dBjNxfv6eMBukiGeYwdi17WUe,1000000000000
15SLwhDNKAZQzTfVGscJyNS6d9QrVBAFkgb6QoGY7oVSL8qe,108700000000
15kcGo44M3Mr8yvVwJc36FCXCVfaQYGZXBRQqf9bmjSdHC4P,50000000000
15uNNcDEf4ipWGzLL3P8xTSkaoyPYciQY5P9SwW32XkV5RNR,88000000000
14uJQ92q8Z39571Jacgk9q4yZnBARqYEU7mjZeGJiat5TkKF,120000000000
12GW78KsJUfWoH4f6t2gGaFzJ1TNHWYJnerUtK9x5Xcmt1bs,500000000000
1UTRYPa5G9ELVN6urGDzDaEr4SRkAJjoQM9ef7uPdXFVMru,50000000000
13Vpp1kfBRQvNXS8RAY4xCQfJuiuaqymX3rEwBiwSaHN7MPo,60000000000
1Txa3CHkNMCwqbsmrf3F95qHdKWm5RNhjkbCWZpap6U3qQb,100000000000
1HFSAcMPeo1orSGVCc7BV2xK42EpBwAxWNcUKmvRUHPNeEe,50000000000
13b5HRucCwdM2CYtzcpzPy2Vy2LB8XsrgZH1VCkQiyEdmeeN,50000000000
1HNpauRdCdsPMLL2NBwuiKMwcWDFqsteLVw55K6Y3eNi5dU,150000000000
1X2SgWZhXAYDQwpFzfhQ2EJP6zKPcrpLjHuetBvqAUQXWvg,150000000000
12xL6eCrD7JThpfcQFeLrHv5JqP8xv8TzwnrH87C8ksJdfPD,2500000000000
12qBvTfqv1hVfpzN3pYXBz4tb84YB9HjEthp5jL2QXfYsvAX,74000000000
12EwKurqNy8gC27DiyRrWM2JhBzUwvePTD5N2mtizE3oWYjy,979500000000
15GNKeAnQCwAL3asFwPARiZxa112r7ynobbd22uikyWHyXbA,70000000000
15aYBTyzYtmakou3dgLdrbW1NGb2t2kypuvCVUFi2EBd9cjw,105000000000
15fHBto7Fro6XZVy8UwhbxdZGGrdjfjfJHWGruWts5xpo83P,300000000000
14JxKykpabRARttftBzWxDvrug2K8dDrvjaGFpjVMvHGPJbc,150000000000
167rGsPNoHtjAwa8UCBfkTnkepMcQd5nZdppTHwRTiC5SvGd,400000000000
12re8e1VHTKfnzMenZXaCjggsAkiMwJ3RH8qAcgwPPd1VVLE,160000000000
16iYo39ZJARoFGXkvdS7XWR8sE8F2MQ86VejCuydnxDHRRnt,50000000000
139545eXNNG74HNx3ByYBPkUCFpq8cdqiAznAkjS8ZQSWTpF,50000000000
136iZkQd9avE9aYXHs7gwH98ZTuQRDggJCN78wAF9FZy6tJ4,187200000000
15GMrJNrd14tXXx6mG1sH8m2Y4oVTMrkVtAMzJSANvf8E17V,1300000000000
12xzne1BPxZxJFvAeLokSBHHnGDZJHYJnwnx9Cwj9CihU8jZ,50000000000
133TW94BiRCsQZjBjUATVkrxwfFMhLRf2AuQD2o5fAujAchK,300000000000
12uRyaevirFMNhrzrPsX9rKN66ScVFmMGuKzKowxTicnbf35,1100000000000
16J61ekPqDoGrxCZyjnkzjiHjwLdWmFGbyyXaTyYixTF5cLi,110000000000
13h4Qj5yzGzN6RVi8qvDdoo41JoMzvowBkWHL9XwBaV8v7r,285000000000
1h1k8spoT9Xsgr5jQKt55EmA2k1BVZe24A9cgozsd5eP2wf,1000000000000
16Zb9QkspvpeirHj8ibEffZWHp3ETVb8AMNM91qiPLcWrfqK,193000000000
121DbVBopm8RXAWxpRDeM544dM93KKCTRNPtjnpkkTWz15gq,400000000000
162jne4mRcbatT47DRmzxWXLSNPvQomZyf7i1sSxmBEVdgZv,335000000000
1bdw8zFuj3AWutNAoimTfkSrNepPFJv8JxNuRDTa6KGfVSr,80000000000
1bQsuGtXDVJQpAdH4u9RtcBFnGVshMuPjUAPUgDYLitg9ew,960000000000
1HKmLQ74fqCUYTpQMZ6GrwTnTNnc3Vc4LTxQ9iMyKHq99Mg,2020000000000
17UoBYLZpdwjXvGFCiwcZDjSztvtCxnXWcLWyKHkKtx62m3,88600000000
14WKUJyqm5QE4sggagLwXAEiSBZyzb3vKKeoGdCqXbXXZWdw,1070000000000
12K6Rpd4BzvAf8zCnkDKFhzvHMB2soQNpMuqAMGbmG97vyvp,150000000000
13bSwgt5ALXBu7JJxXBzh6WmNo9SSrwS36gyyd89qhbPNMTU,489000000000
16JQqS9eQECtnKfo3spkKpYqG1bvyFF9nFeuo7vMftr6V7vk,50000000000
14PuAF13pjatmgovR3ZjqdGehmjpS7eFgYY1ZzNTfCLCsQ8j,440000000000
12jvZacVDw6viFfLxNFLB2LTPqwmnMCGKx74Jwzi7TEabrP1,100000000000
1TJxBGqtwF1pMiDYL1kSvJ2ufaoam6MC6X3nKz4JoTf9SHx,200000000000
1488yH4asXvV2HZUHgrujBwES16MtdPqf3bw43iM79gEmxLF,100000000000
14ovQCTzLjD8Syj34GZAYwoxd1G9GV2Dev2ysYDSU2WNPQbX,80000000000
15397yoj33rBV3vreSsMnJAQJg7aFY8kayUUmRGJaZphjYZY,150000000000
15u8QvVTxb7vZSd4n2VtuCNrqSP4pbvrr9A47CmX8MVoRoBT,750000000000
138K72UAFLQrkVDHGtYtiWgbeuhuf6u8RAZSw5of4icmY518,241366000000
14zbsobCTcv6XeTCiumvNQ9dA9N8hdZfWa5PqNwoxy4rbzdQ,70000000000
168PdM545BPsrP7iEWnxp88HxmFW6w6ikPFL1f6AFccv9Wfw,72870000000
13GbPP26JxKwr4kVcV59aWZsCTHoxnSC4JcUbhbZ9fQHWgFF,70000000000
15AcVUQehPXyHmBrSnogLGEZommozgMW3zrSiirH6naNzjZu,100000000000
167uaPPy5si4m6adFS7p8VcCGY1T5mtoJ5zrx187qvf4EkjX,50000000000
15o3bEs2uBeTgumWSHYAthJimUzQeGotV8eYZiFrSgZxDa8J,246500000000
13DZGXmB1CHHxL4Y7YuhtQNtEsKUvFwyjpQsE2iQxvozjh6t,80000000000
15tL9cmWCCjsAG4mbaBwjcndjYZyoaBA8LdnuYJGwZMbU65p,744000000000
149CSUqR7rLqBQDZPYNgPiUcAN88wXzPkA5nQoUrFpbhuoDP,50000000000
14MHJ9haUQGPENwtVKDKthbSTVJrfuemqyXiqNNAj5qnTUS5,50000000000
124Z9KsF3pW7EMdmytC4vj6DCQA5cLGCjuW7cR46MX4F5ZqJ,250000000000
14DpM21zjKbXn86mpAjtQwHjAB2ge5ujm17xhruJMrQUiYo1,100000000000
13eEAzBhoFrxwDhyBeJWnBsf6iS7Wu9owcTLDcukSsvXkp2n,55000000000
14BJdoADNSU2hM6xmtTPc56SxSjfL4rddrnpkTdhcY7WQxVy,50000000000
143441wGQQvq3qSMWmbiUiSPG9r8Y4R4Lpwqu5FzyigUVTSF,67500000000
14JzsHHinhmvwWfaLk542ykz8ttaH6bKJ89tk2JsuHEzbE6s,249300000000
13TZzDU6gebS1xBxMv6S1eaZpxtBc188LG8HDZyqDetzW1rb,63800000000
12YKgBH74XQuUjonjJS36qnDdwL9LcNvoGomNTizHwzwENG4,520000000000
13xJVPmq7qxvsgiRooNEbuZXMYB6P41C7yWXZpKW3yK5GvZm,50000000000
1hUk2eekGotF6mT7YMjpHSae4CUddqJXtWBgVHncJWrZXW6,125000000000
1t76LLeV81KttpC4mc2fUHhfwum4Xmva844iEwvkaTNV5Lb,380000000000
12diKn9pFZ7VESdvXtGKTWdDstiQamT4SKDH3nmEgSMJxgFd,100000000000
15Ps97dRCF76DQoeRziK3JhZaDwnGfK84icP3wxAA7cqraqL,214000000000
1Ym5ceo7J1NFAainb2ixxDc4vWTKYVrw1gz3vrVR3rFWqE7,400000000000
13x3caZzvztxqrnB38Rj8dHMyvQZDsKAasLdFcQzyjRNd5x8,100000000000
16ZruJv1sfwF2puULN8WjBfc1gwisvE5g6BcPw4g6ag7jigq,200000000000
15VscASgjm2keH2hkpmvujz1unDkihhr6j8NNovfQSbscT2v,60000000000
12VkeYjyQvJ6zwxxNXr78Hrpkr9ABQcUxQSufpaQg5uqnjza,280000000000
15AyfW6yNEa27kTE2CjH6wduRWgKP5NyFmtbjK5kwSJmQMWT,250000000000
12YLray74JyVbQYe4N4fGer1jU9gMnuRFkrRGtfMUUGPJARJ,51000000000
143ou1KbBrDg9oVR6LxqaRTJP6aJTJSWnQF3Yt4DtggN71bF,200000000000
14BGUfTUqcCsqC4c1LJqpR8rDuKeoMeWXXb29aCujhu7jwms,79000000000
15G58PFnRfmM9H6JhoyQoDJKXv3WfSgb4H7U9rmw4Shoxgfw,200000000000
15fYMFD6rBFBrV2Tu4fpZdA7AM5deXz86p5UdjASmG4kfaPs,50000000000
13ddqjqhwGtPzr2bg48G6gRYjzJu87FPpS6GYybZ6Nqff9b3,80000000000
12vQoEFoHm3sqP9qG8u76f3LsefUoSXgTyYkaED62Nf1VZbD,340000000000
1LeQaK38H26pM5L5Ux4UsD6vazMa2uUA3X4qrJgBiGSmC8e,590000000000
13uthPaZhtfMNmd9xiFEoQkv76ttAGBXWyJ5LsfNZvpmL6pj,560000000000
16cKi6jY5qA8xYzhAQLWi1M264Cgy4PqRbDBbpPJUUCdgwYA,200000000000
13K7jwoWZnTEBGaT3HEJgoHt2V63DKB2oVTiDCiqZJUnX7CB,50000000000
16VYyJq9ov8eMiQ2Y4bzfpnFcfvrTAP81qcXfKSSCZSmTnRC,52500000000
16JWfJKHNa2SHFzobEAba6K5jEUhmrAwaxSdXuKEShaGpfe9,50000000000
15aSizMWdrVYNHTm8FqLraj1BEY2k4jCAWH1XotvYm8JLvVQ,50000000000
16hTsJkKoDrn2h57mKvPNjnCZcHWNuWZVMXR1MG5yMFtUPre,910000000000
167xu5pnXE8ioReYbFTPc2AEAtESLyeJxepb6gdLFp8kSQGa,50000000000
15GDqwsNFYvATeeBY8wYwwgMRfBEdvGH4CR2dBw6ALcmYUKK,50000000000
15UQLP57Mhp42mfSYySwacmBtgtiHNFZjqmbKsa4yFy3yB7A,2000000000000
14TbXAXC1MRgZqbYQAWaPYke3Nbu5BoQextTCfDkjTYHV3jL,400000000000
12sejspzPMWhed6E5z8PtHAy9ikWzsbqj6vbPyLB6H4PNDBv,70000000000
1AKcXZgDXfwjRiQ6Xj5WQtgixVWQC2g8YXppnDYUKpZNmFp,50000000000
14mkVZvLxs48mGqsGb2vqXMEYrmA92fGfDdGZ5YtqgzGpg2W,68000000000
1L7KCSWjSbFBZJzUcyKs7sBgdoB9rhHmMim2G7SDr9cr66a,162700000000
16PPJF6Kdu9UFibBDScj4NfQht7BjpV3cz81vR2ntQNx9nEf,55000000000
16LuhQ7kd44HmoEzPKPvdZ9YP1Hvtovd97pnPiLKzimyEoU9,240000000000
15tfqJdN1LcBGx3AjBz8rRSoFi2vjgQdeytxfCufBU5y3xuh,488500000000
15UrqXUawrQoa8wZuo1dsx564nBZ5QwH2koDSn6s7RYhoyGC,70000000000
13on6zAD6DLFe2UbGkdMtwgdjbmXENaUjcZLCPbKiJ6mdHx5,100000000000
1BZL1h48GXXGPs5JZw8dXKBW8z6A4gyGtPRQXWujWX4didm,1080000000000
12YT3viKz5QQHVuGNnEZYpZrwVqJ68mqeySDAMXRwU5ExfGV,1290000000000
16PBJgQFEk9yT4bsudfRbhqPMZ9EEvqS3w2DjVZSxUFCXMqe,100000000000
15XSNPYX6qhiNJQnxRm6UrjEqKEBrws3QwyU8rkSCALsZbLN,210000000000
14aaBxd8sc3z1QtWmphx4cP7hdNSSkLkGN7hBMbzmBkeUs4x,1000000000000
15DTdytSwyo5aCqRrVgPke6bdzdZaRkGpwvVTJhNLtypzJXY,1000000000000
162bJnMqEXu4ze1TPqG6kpSubThoRVZSuHov45PpkQhLb9iN,100000000000
15Fy4LVFKQhBYm2CXy9yW2Z3mguyWuCdp9tzoUjf5wW4wLfc,510000000000
13GJSi6WoermdmBYjhwgcXjYzKEygeukjhAVWcnALxNnezyG,200000000000
13TP6RHwcA8E3gMs3F57S64quVBnERREozerCLD9TPUSiGX8,100000000000
1UHQDvCWnq4xbkPPjhKxzHXi5YUhn4xa8xPMkauFv5ZEp8N,1000000000000
153pNDj2Fu6sDS16iYeaJYrcGrY2972xxAx8TTH3xg1gfKzH,280000000000
13mdpzfYEUcCao7pEkYJq8nHCWD47RTkQd9pGXwdAaL2DSXT,100000000000
1CdB9RAErsY7Po9sGz9Mzn7M1TuJ32d1cvXGaNjjFKivBnm,500000000000
1vDvvN9RYwTbDuJHymDxYyTpXh6KjeHFR16MhhX8uP9etAD,50000000000
13KmcAjMqscUBfmhMM43QmyqachN1scGCygh5XUFw8US71zw,80000000000
14QeV4Y1V223M7nvhhS8Tie3meUYfnCoMm9qCUMw9mFhbHWZ,50000000000
12Ejtnp88pQM4xto5ngQcrwCJhvQvdAkoqFCpzFJwvXjDLNd,406000000000
15DZWDiY1HV7sZhKS8Nq3tV91Hqvxv29uRARzhm8dL8LqSTm,968000000000
13BunNjXD1BwYc7Qy7ELGGcno3BDUMyxVaRQw42FJ7b4xMDa,92800000000
1P9pVuHCyTX4y3GKtcmBfmjjE9FDb66F6LgFikenF4EM4BG,100000000000
16V48GDBE9kBEuEYQYxwDqDbHDPJhxCZ8pSg2dP3wVbBD4Pk,61300000000
15gCtadaZuKF8SYHyzBN81WcpyDSEHCaZ6TLckDrSfP83wPX,70000000000
13wkpbMtxoendqqKQSkpXwnsRDXxvtZfdnV69gadRYCyyrsb,70000000000
17CeVqBkoUwG3mQwE2G72SJbobw9QnBSHHLBhBQe8AqqeTJ,500000000000
16UVyBPg67L3kaRk2x9dtZ1f3rMSUALwpCTxczidfSx6w8xi,500000000000
12xc1WSE1kpt4LMKRB3F77VJr83nLyakbNjDk8ubGP3UQ4oN,1060000000000
15w1dk2YSciN2B5qoEp8JzmDuZP6RtDpAULCvjk5oApPtBnx,500000000000
14KhN9C3AtmGVpbPZL3N6whpnxyWHLG8P4yPcg75qGpJtZv,100000000000
129pRFZgJxNqt6JrzUiBwCCGzPECC1RxdhkYDXXi9wV818Xm,500000000000
14wniqFRddU485QVcM9fjSNycAL2CU6B7wiWtEfo7ZncANhe,250000000000
15dUdhPi5AmFuaQPVU9vaJoRjgU7Me5GWQqwufzjn2oAocQ2,100000000000
1WceB7soNbGQEYeoBYRLbLNP1ofKHArifTVxL2rAgrGAGpq,299000000000
13jVVFiVUGhBMHHMPsyJbHYt27mfFfuA7Ar58u9ZHqerFFkW,50000000000
14Ssx3UaddomWtfzHnxJN9UjuHy2dt2RYgM7gE6B24GPZCwn,400000000000
12xAMrtZXt6QCjPdU59NFznjcXjzy2SCxEGaxqiPXkFSLPuq,250000000000
12GbhiwdLXJXAUw1nu8goa4P6jp4Xv1Uvb8pNUnuPAtTCoef,600000000000
121MbhvuDXcBDy3xyLcf7yjHYyB55heHvtCLGdLk9xkTADWw,79000000000
15B19zmk67XhHdqJfqERnf52wf7oDX4hXy1gmJPmjvMYtHeF,300000000000
15AjNK44G7sbhMzoGQ89D9HqXWygDgiEuhpgkkr1yBEp4Dk4,60000000000
14G6QF9yoPRAMe6QVxCT6GfFzQcWPXWTHoX1FfEuMxRTmwV4,380000000000
16kqvcoq5QHxiVBAivH2Pj8vC6eSRQedUevB6hoFvV2YudUX,50000000000
16QLBn3e5hzxRNCj5UURaSX7qvcCxJCbMuktzQGjsjxAhYcS,50000000000
1BcAgo6zbgykXD3nF6bz8znoeCgvb12EfiDN5Ddvj9wgKKS,50000000000
15pGbAfgx8LmFBUd9Y18LJdNDUFCrD21tBKrpYcDBJpvAT5G,400000000000
12K22ZdHdaRYtDmueLnpGLcFMgzJMEAhThWRzGe1kqrx1mXo,289000000000
15p1bTr3PXQPsYYNdoiGjAw6Hs99KLRnbfzSGgG3SDMR8ejM,63800000000
15VN6i6CgzmRfy2pJbQCfCgp6T8W7vM7AQm5ZU1BqHoPG6aw,240000000000
129TnsY39KbKFz3zXzWfVRN1MeNkmfXz5N1HtSNCzepNxQmM,2000000000000
1415FNLrZg9iYauTSoVvTytXkAUvi6Fjkvio97BLamQZErVv,150000000000
14NHUoSEpcdTULUm4uZn9ozxCjBQDJ8XzryzCi5Wzyu6GiTT,100000000000
14ipAzxNj2pfcdggsPzvbxUi9X54CovLLg2DSECqNyE2PEVG,100000000000
131TAdi99NfMpQPmDv54wTt2Tmodig7mWfwa2nKSHz5kjCL8,86000000000
15JqyyaLb4sjyUt4SCny6cEV7xXghRwyhmiQXnCvzDm2QBwz,1500000000000
13bXr8uVioUsZ8C8Gf3dkp8rrmeCiHJf4mA4m6qpgXrGm8hD,510000000000
1CMaTp6yewBTitrUtfVchc7M61Ho3jos5vmNz4AhtsyVpMQ,100000000000
14fbT4pXB2DyQEwc3m9NhfkXYELFWnaMVpgzVGMHbQUsrTC8,250000000000
14m41N3vVEqSeEVHoWuD417nB3rMoz7GbsJ6zyspL4oqoQh6,51200000000
1RGEf1QUyhgfYbWi1S5L2wd1GmJH7uULGnDWGeT1uMEAWv1,50000000000
14XseXdd9Rzwo41hLsuQrWJfNxiLsVCViFw9tuN7NzDBEefw,53400000000
13gX5PEvb35Hbnm8AF4JJZDzBzrYyXzAysGCJiHKvS6zGtYy,150000000000
15QcJxL4pyt3n7NeFPYmY28bxScBykJt1SYdLAFejBave3Qr,50000000000
15mboSC5aoCPhUEgg1RMhQH3AUzwDswmBM5CBDzwHH4BvUXy,1499500000000
1BfVGJUWDbiz72KceNr2Wvuk8Wi9T7dgkxGb3CNHe2qB3rX,86800000000
12YToKrLbNSDjx46xf8ZCP6ZkHXNNnN8d2F5m79wcnEcu6iA,530000000000
13rbFYa7wiYSDj3Abwj5B396agvr9LdtyxTty1t9d4Ex6s7J,500000000000
14pYegm5UkdD2Ba94q1UE3TwhsShy1paE2mqM537qi2tADon,200000000000
164tBpYe1BqRpLsTQbZwyH4mohLrQMiPdT7wXhGv9jvHFVof,150000000000
14uAbpcRvQr1vMbKQWRULtZZowrHjXZvaLcEZ3SJSPae3Upf,1290000000000
19vuUkC3RhjVQghz4rVRnHoN7Wqvs4Y3L17sLg8MTFxDhga,200000000000
12Ym2Z538fjR5z8o6UNe28CqTp239mppBkEaGh82UvzNu8aN,125000000000
14iL6YGYwXsDNvmu78Uj8EJRuNiRzq4Uw6wraszet2qkeb8q,1250000000000
16YC5WvnvkGjq1nYKaTHQgs1KXxrtZs6qCY9ABcJXrN43eGM,55800000000
15GAvQZJJYyQZezyUxnpXNDGwEBdPNUJTo369CRGZZsw1La7,1000000000000
16SujrV72e1udegrqEpWHTyxpZDfxCKmkJtwPzKFhmKmHpy7,50500000000
1ZmMPqYzxh3iFBACr5McyHjMHbnY4BDsYrgWS1NHRw3KHEt,1000000000000
16B34vJDmK71hvdNhwunnaS48RU2KQrzS3XfNwxiVPTQsY4P,60000000000
13atCPM6Pyg6gK1SdRa36NAnkji8zNbygD9TkSiVc4BRwQMo,103700000000
14Mj46j4LtXKha8fYSizigos5S7nAKUjXroa5h19MsbVYQQ1,70000000000
12wpRWje1LRP6ouBV8RTs3GMZ9nn8Mjc8G7UdjnR2AkeWtK5,70000000000
14GmJP8py5fpZWVnSNGARrn8pVd6zki9my9UrUbGQ5Ceqxzj,380000000000
16MSAbqWTZFyuAXNjZua4qKoqpJaRiAPV2BzwePdz4WZH8b6,100000000000
15AaVifmkC6NhBYBVXbq1wYr9n4Y1VNRcCS9uvFhyy2hx2H5,65000000000
12Bsud3p2UVDD9Kqmdz1SB1oLJY469vNzWDgbdK5SocEPckQ,2810000000000
13KvSGGzEqy9T7DdF5KDui3JjwoZ6Hk4rvQmx2d2yDHsSe8X,163000000000
1eu1oEu6LSRs44iiBCump11kTSVFy6hQKzutbpWLHcrYWaW,2000000000000
1488oQLuAKv3PuQ6btawPMHE9GnCNmSbdbJxfZSqbsdj9YCG,1000000000000
12unCbZEQgYJ3TRWTUcYh9j3BGAyKVfGMdddQKin92tQdJkb,90000000000
13Yo7ruwjLmJnXGKQtafXkzhZPZQEMfQCrAKXN8o33x7QDDV,470000000000
126Hx6kDFXXjAY6jUZePdsSwCq2zVqF9sW3ZAxYQbW4dN88R,50000000000
1467U4tC1paXafVKCcHrH84mpL2nY7maKp7aTiWy3cSRjZuV,2000000000000
16DUXEhtxHBVqVqfk2tne1Nn27tjGHmBRXrF2jLF57XZvEGr,8000000000000
16a6xN1NGdsrWcWyaNedfqS3dUYWKQDuYN1pt63Vot1hehNq,250000000000
16kqiGU7gntndKKv3S3ujqWTYBFcNxa6PdPRKSEtCym8ZHAY,71300000000
1N7hkToby8ohfQFCZP18NxokSj6jaPVCrzu7yi6QWhxBmg1,50000000000
129LiwgmRUHYbDNpV7J1KwP2TjKmkD2BePjKuwds6HqZ6kG4,50000000000
13u8e1jCRTAzJTe9WgEr7XeduLB3uNfuYybKWtja15W4dKZk,200000000000
13xXTH3iDEZChVa65wdjT5jAkqL25H9HsiHg1MKQg6h5EDy,50000000000
14oLSKtJfZmWdqFtxBkWAUY1uV9CKbB8MmEE2cY83BZSpJPw,50000000000
14pFXYg4kTdTWSmwQdMRcGo7npiJdq9TaTuXNzu2hwUyZN98,50000000000
16ZyB12cnpu2WbjgKNySM9EGfnxcLXt8Aun5CEWRwPWPc7nW,100000000000
14ijZHfUZLKZTS4UuaURbRTDWHi2uMAHsiAbwSNDViz42dzq,1070000000000
1431Xctco5T8EpYoJVSuc1fckrxhHX9u5sqYEs2HbmbynRqi,100000000000
15AKy5UxaAVDnyDKkQ2a7j4nzDSnrn7S4Twodi5UWKaULyNu,50000000000
139JoVUDsCSc15YEN2b6WoqD47u7wgpToMPMK5RNTTta6YFB,67100000000
12px7zyEUMwa2EWzc9DM2NGXBAkwxLs1ThHb2x41vT2y3M11,110000000000
13dzugLeLSLZUfSXc3XoevWmKxoQtkGcLfhpDkLEWvnQj76G,100000000000
15AQ6z1T7QQkArTaDhQjqEHrusVp2wftH85znASuPhHk9gBM,150000000000
15s3ShhZEFndqrfAgytSwsGuapFGbZr5v7RsHJvamUfdpq26,380000000000
165aNT9YvVM5emzFg7KP9Bw2QZCPYM632MMbP761WcsweLTk,60000000000
15iZdqidEWE3iHgyTJRZfnNf9sXk1d8CcJ9enieAaohv3jvL,90000000000
12E28t2coqBWRr23QmFYDPQDrxoPKvHUoWnEuWRHM6MGJhbH,50000000000
1269pZitHwCptqCRGnGBoYNgg9mb564jpJtHXCahzmbBEDec,50000000000
16aR61Ns2mgNynki9EnfiLyjmyexGfyXZaGQG5TpYxRZNSMo,100000000000
15WvS7rTZ384MJi97DeBBjpgjFB5XxhzQgh3Hqny6LTGRbNg,1000000000000
15Mn7ZMFCxdvHXvudQ8TfxAEzqZKm79hkhouY7PwwkvhLwLS,50000000000
15mSHd8oijy3yEjj4pkE35G1QBwhDyNpAtdNL9n2BxgvskUU,50000000000
16PHvssSAbwZiYy43Dfoq74df9989sZbwwUEZTMtSA6HurzW,1500000000000
13wwxS7go6K61dUTxcVd41yAZgQ8keV3zeq77tEeyWZgdDyd,500000000000
15VSAdR5BFVfuTAFX27yQnt1Y9834sZDpReLvNfXPQ2RondL,50000000000
162ngAWetsdBNgg7V4uXP6tgE5o1CWfBEesYZYcGcv7wgf8k,235000000000
1TXanzC8MSnYQ5Cc7pW8SGyQkTdBi1wSYtQ6wprUnxmz7fd,149600000000
13rSeycqb4xRE3EqP6JUL4AiNKGj5ELmWoYNr3bfzbvcg9jK,489500000000
14g2qaRtUmSXYB8i9AFD1ZMDd5TuZbvYWb3hFoiQSo6y1Xjd,50000000000
11ar6ctptHyKjBpQphdrL6tXRCHgYowNtXy2cdwb6L6sKMx,150000000000
15LxG7MupiKJ2Eu57i6G4jNJozupYeYx3FZAKCMuv1ZaRUtE,50000000000
16VFBXvgbBHhTinyrBTqtMDchnS1WqqdPsViXD8kKjNMjXFo,50000000000
1432LaUnwqV2xpQypZxAPYmtACAxnjiTa4PUiEMRGmuhikUd,50000000000
14Y1uE2bKvzMuE6KSWvGyZBuTUvCpNn6c94rSZreVjuvXazD,50000000000
15ci3akcBVhvc4X93BYwcNJ2bFJNTWqc2WU6AWFAGb5xweXf,154800000000
14gEbkXjJBpxhPHaKWfUFvcxprRLceS3DxHqLWKnrZdEKBRe,250000000000
14G4nYSgk92yPsTueJ2BL3P6KXysj7PK1xpZRsXF7MgMPnmv,56800000000
14xHPWdePgKEKXwQc4kxVv8pshjUkAer8jsBBQPWe8ntfFPD,110000000000
13uYtai8tL35sNnTDxUu1h4gAhY7hfxsZgBbtWQ9NkamtLRV,4000000000000
16Rp2AmW98LHHMGSz1tzqBntZY55mHSMq5tu3VTdNRrjExDc,1550000000000
1jnZMTaxaYFmQwgzxKRkTgQD3V19esKZZv9sKiEKYrAjFUH,873500000000
13igYT9ayphGiUXqJBChvxxuWCA73hCXvqSoG77wXWv2oXWV,1080000000000
15LyTNKWuzUrimHBoKiMHGTfYh16k56zeSdQ4Ro2uh1QTPhW,50000000000
15a9F9bzYbkRhjPuSrdk54zcrCAjtDVE9e5bLNN9svJ9jfeo,100000000000
13KQm9bt9UXqM2NFGrUy89s3mnYhwP19nm5aVRpR4SUtMTwY,400000000000
16PsRqo4b1zZtDnE81U2Pb3TarR7L7QopMvSRbuwMCEimKjD,70000000000
14r63kGhQU5cHptdwCEhcGhSAeMY4PdoXcQktoawmyx9gzF6,100000000000
16iG5TN8YNAGPz65XGwyQVTXRgawnwCJYTwipWRzJzxJ8cFX,50000000000
167odoUsVPeaTkoQaY3Fmm5ifNyKLkhPEh6L1FiDXMHaEUzQ,100000000000
14pDQ5vGnkJ8JAcGevVDUPWhR8pCYz9jFC2xfQmDSXKj1ryD,140000000000
15JW9dZ4HHTCS81PufRascyroytiNLKYjsx5BDJwwJpfXek5,1870000000000
15Gc5cddZCrQvzdaJbVPL9C4drF8h6yugGEN5ENNdAa1PUtv,300000000000
1FBCn2qaSLhXJ42FFMKUomRiGZuEkzbtZN9vaskcyEZfcnA,500000000000
1bRTPp9EBeo8swW1gX68U9X96eFMuTbqvHYDUAddPq4uhvt,50000000000
14n15aJB9niEG6uLtEYoDmknYt9BY2q2Q6m9DmmoLK4NpssA,2000000000000
126KQtb8edA4jtQwQfbvNGUUYU37ubh9SgVzpv53dJMJbYFB,530000000000
15SNXw1dWbGZ46YCsu5QzTqEfAZJgYMqwom8WA6GUTrTkghD,196000000000
15rTYaR3TtFvLAfrfae7Dx9BhCi14FPnAJwWoWT7Fw6743r4,980000000000
14mGhD5yxJfpCsyaQhAsTTKRVVDhzbjZNaVSziCnXt8p9KgT,50000000000
12uNY7AsA26kfqAzbQ4WgKYnPdjtFMekRui1KCxi4yvbEvpx,50000000000
12QscoX2Cp3Snp5i5tvx1UCAx6XV7mL2y8sbFF51XvqhjKKb,50000000000
1ueVYURdp6bTZ4N8yDz1ZDzB7WiyKXg7YQCQJ79jwXDZ81x,50000000000
157vPxM1K1goGU8wmzPXtZuyK6gP7FBUd9GUEhPRybPSUGDz,82000000000
16HvzBCREYew7sGPxk1MJdk5FBr8evGkRpcTrpr6Na32MM14,3000000000000
1dqBXj83F82B3ikGr8nYcxKpnRico4GZzS3gbwBZjfrmqSY,50000000000
16RnnWAzfump6pztQ1nVh6sw37uDzRii56LPUBCiGogxz9ft,2875000000000
12EUJo9eQLDqfavfd5pXZa2txSXu2BNGD5k7ESV3cLNDEUZT,50000000000
14Y6mAwHZnQRfFuFW8tEbXJKAEbPZg1PQTCNRxk2Bi1uTgwz,400000000000
14V3kdERDtEaHDoTdgoPDKjj5bnY9ovkdxhz9Vy2QrGAUAxp,77100000000
13HEgdiAXuBpP8JzC69t2PRxzoZTRfgmT8Kvp38Q5KeE3Q5E,150000000000
13Y56f2C8Rb4LwXCbeGFUr6K7epvnhwoqoCHVGVH9NnrBTVF,1500000000000
13TSvFAaZBg65sCKTGky32d5fGhPwEe4y7agLg8uMDCZFo4V,240000000000
1v9GAegYRHA6zwFVLpzDX2TF1pyHjp1QhHvzAYtGzokG1tN,80000000000
1P6CkiGc4rnUpi4xmo5KnnqUgFoJL6Q9zqTKqxq3rPMoywB,171200000000
17DHXFz5nVWeZbckN4UQb7piTmqq3tMmLDi8wzkJYT1Qw6A,56300000000
19dePetkYdvNtjeiLzjRQEDEv4ugL72dcJMQsFe1qG3616q,3000000000000
12F1UmBq3F5YTFRSgcKdc3u2Lpxn9ZumTwU91krM43nRnFRh,72700000000
14aC8BwZP2bNWaA5oBjGou4vZWuf11sCCM4ZoowKpU3qot4b,540000000000
1scXSEn8KmJjDcuRAQ27coWK5HwGnbxiF9JX9pkBq1Tkzfi,550000000000
13gQKN18cQEYFspxZDpiNyShEBBQhTrmg3BPsp9W6f6ibQx8,50000000000
1Egk769vuAPrFGpNYQ8jryiUD1LqPHvYsw3m99Y5WkWqDeW,50000000000
1W73q171FY3TDupnVT99W3z5rXZoF9scS7u5nDXTmaxK2A5,750000000000
14QZhEYa2fuJSQKcu7gxsLcchpfAbdQTpeZhVvtpNy2HX3qw,980000000000
13xLftb9nM9BEjXbYPJHcftXbjUFT8eGBPL5rMaEiKFqXdMH,9000000000000
15r7Y6onH9vmdNTk6pnELQ6Y5uoMK2BdPb2TnQCQKRGJo5YQ,60000000000
13ScpiyDkKmRTTpXcmesQQrgqiqQdXeKAxTeAg8WMEkktJbL,195000000000
13eMUr2r9EbPQobu5sGzt1HQyPHbLSUoCYiPQ3Q9mAdv2kt5,200000000000
16mCjcxNFusEPoPqbwGH2zVMWWAMzUG7qktfsg6oZPhwvx56,72400000000
19YLv7YDgfrh2S9f5YnQULjaK1k9DNym6MhKpLoWzdeQeZr,150000000000
1nDEg1Sb23KN4yjvxaBBoaXW4MSvyQvAqqPmPFWdqxyGxLd,50000000000
139RkKQ96x4eFszjK39UfURjrQnfrxgFXmA2mysnugGpoh8k,56300000000
16UbrSjxFzZKTipJSj1sZ6wS9jeyNQeBHVsMjJAgdKCjx1UM,340000000000
16N5qoejjGZhrYwyGu7KDE8i47m49esynWdc8FngjHUL7jDM,1500000000000
13j4fu6Cq7U9FKpK11kXyCJ6J8GyCy8ukjL9ErBZDT9yeEDQ,50000000000
1251QEy9Lpnr6DeySj8uugmJz49efTSATJNL8CSxEUdHswby,310000000000
1sCRN9CJtgp9s4D2CMMtdnq85XjJZGdbvfK6fK7ZmSVtKJe,200000000000
1EXWzc68w94rGSbFuqxPag33zugSDHwxzWysjB1XiFLtZzJ,200000000000
12nQDPU4bQcUeVb8PKZ52HuZVi6YS292L2bzDSwXsn9aQ1Da,50000000000
14M694UK7T1vCFRuxNnz91xb3B6teatPtZwwjAeqtt6U3eWU,250000000000
14hKwzxFoiLaw6xHgh4Nve8o1NkUFTp5WA4UaL3Y87WU6d17,500000000000
1TxgfMceQWUMu49hqiuqymPq6vfQcXhHeEFrY85mVEKUJHB,1000000000000
12av5Zuz4o8zaViY6aEbBQuSQeraN71L4Xw22C4JLhctf4ff,302870000000
13EkRc28EpNaBgiiXgxLvVupKKXsPfQuhi6QNwK1AS7yG1wF,50000000000
165SNtYRBm7rzAuRcoKLsQ4FYN2b4bey66UY6v4tbe8DdGPn,70000000000
13Kbmut6hAL8153yKyojYDKWYUHbWK4kcZDPEakgxpiKsSaH,450000000000
16XhbujSDjee9kPhiMQgmtux1pTqeKtKBPMTjxkBrwU8S7S4,300000000000
14zbdKQuDRmycdW7Laz7sXK83sg67DquUK9Mixa5V7cvBaQA,436860000000
13NH38DV91Cus3HknJaWkxwpt7K2Z6Zvea7KtTgYuQNXXXb8,510000000000
14psxSaVvegoGcEgBjurwb2r56Ng3UFnkEDDvvnWFvJExXgf,4000000000000
1QiQhuTgLBPMaiAetZqbif8wZUh9ueMFDjMBfTso9hJ5jzN,50000000000
16J13DeSpVE9oj1Nh8u6UsyGvdFmn7paw8WoySyqUA8y5Afa,50000000000
13K3J3H7PDHQgFCQYTYXfUTGBLHAvLUfefdVP9bBm9oDjGUm,5000000000000
1goVA3sTwKzhnahVo6C6Gn5zjA2XKfCwKekgCaVJGuNAizc,200000000000
14izCZNg9q3ZKMBnvnrAR85jgo1TSdS3gdEC5Kt7w4hL8b9m,70000000000
14Dqm4DpJTSvAJjpSTQG61KkceCAGdH7snKs55kBWwWy6hhg,120000000000
13Xz8Jap77zsqHCow1veqpYpacTbz9dn6Ej6VH1k2AFF67fv,999800000000
1jU5AprXEiE2jLw8pzwfwRpny8Yji3yXppuBfVbwn56k7CH,70000000000
145vuCPoYF5XPed4UbXckjc2gWFwGn6Pb7LkoXoj1MC7UBJa,50000000000
1t5MCuSXo9XnALTmADoXQQxGCnYT3SoYRLRbexrTajJgrCj,150000000000
1rvVGPtoyrbyMt6LErUewojCNxxedUjmPtnEemqW5zsKroN,50000000000
16FTBB86V7rKQVjNYd9WZKLdKXVaJcdsiyZfArKVNt7nLySF,690000000000
14YZNxoUgRrCUNtUcRtY7qsBQcvfoVAiDgr8RkrY8VLipRGQ,160000000000
15bjbCZBqwtR4knYjp1QnqxgrPLTGfKVRQ6wTkAywMLbnqhn,1000000000000
12vDmAa8DYqLfNR82yNxmRsHtWtjMvfXhogfBgD5DcPDkPea,150000000000
14MwYrrqf9jKK7Jg9RFmpe8UXiqbBXs8M9QJEBbZPu1dCEGU,75000000000
148UshXaELusxvX4m7SmH4RF1fAspb8X52nL5wdhDgfG25Hx,100000000000
14ipXb7MAYRkGCsU5kkzmKEeoJ2JLXSHG8aeKQGmCPfJabbE,182200000000
12BNVNMkyoq7piGnriHXaM9PpDoUeQzgiS7hGiNASSyUDzRv,300000000000
12ef4DSEBgnK1zqppK2iBwrcdDBGr9WdgabLKsToJnH2opDw,112000000000
12poi8XZMnNA2Rp4FyLkgZmtWVRVuuzNLLx9dWETBARniWv4,80000000000
12zxsWnz5y1dMPGCdDu4pHetnGbn1GGDiwHd1XCKLXRR29nH,200000000000
16JQWGrGG8145dXk8LYHxRFxmF6FyH27dQkLhBdxuA19AYPD,1300000000000
164rgbbM3JLDpMbuazkbnSsB6eAXpBWzbP3cqmvXX94bNPnZ,200000000000
13riJWEDQD3ycRXYaCWZv4Em1xypK4fk5nW414An4JsRmqai,20000000000000
19d1BdytYesaWrAUvZDPGFEZCvsM8ipCnw2aMKcoFr38Hq5,220000000000
16cpiYjpmmGQ9vAnroEa1RntX7wDwJvcQv4RfjErx9JBctgM,400000000000
126sgJL5WkdRq3kCwH1SWfzaysycNgeXGj4BvesyCVok6vUy,250000000000
167zG4EFj9Fg8q3fQqZjHT8vn1a82bSA2wp729Mvn27JBfVa,300000000000
14G35yCtzpByhbJggfoLS6CAQ6vTdy7bMXd2UgZks8cb9XKF,120000000000
133QR4ZiAY1LBj5cure2okjMLu4XZ9m35cTg79Pef6cWC7wA,1000000000000
13sKmd2jMCkgtmSDhML28BaRWv4cDvwPyFafjzaewcxjiSpH,1990500000000
15PpkJDLWmjHd1ccsihVv1erJ8V86aSFR2JtWQBBvQENEoZ4,50000000000
12Gwwyp6L8na2wtB7r4v7gnx5PHVXWvykWaZJYiNgCaRcyKv,570000000000
12jkkvgczqMk4kR3SWztbjtWePaFH42U7tz2EktNuAXmAxzF,77000000000
1248gSs7b3wHogos3dpXmYsfh38WMV7ic4rj1B3FCZTcYDWU,2480000000000
13mk6c1TmoPAPHqfN6gPKdkz36gv3FztLq4qa3BLEWZ6RYfF,50000000000
1vKNgmVZwj8yaYRaWX1o9ftc8oe7vLJkdKfBFGUfrAGcEdU,339600000000
16FG8XS2WmCwUcCTZZpPpsYFUX5gCPf1NTwNjRSubkQGQGK3,320000000000
15anFCqEKtV6XTDAQABD43h5S7wDtes3hDhTZSFfaxhRbPxe,50000000000
1A8KquavkoiKYDDDfpMB9Y5ML3xhfNh9v9oQ7ZJmchNzW42,2020000000000
12s87CP27ACw1ia3JL56asLV662ifpu42TxtaUsBD1ZSxiVe,60000000000
1crQ94VMp5BT2n7HXRrA67KqnM1oe2wtJbopnEy38umNagG,2000000000000
16G5WvaR6yX3FJRcU3C1sJbmj6zSu4VJtwnTXXgxFJiXGXdW,488566000000
1272myoSd4wuFgTzpWhGvAKWDqSJE4mCZ8Thk3shP1Yt4bSf,84700000000
1ue1GCUZ6gZNVm3wpuzFrn7RkEVoaWA9LBRrKAazhP1j43A,100000000000
13n6VvhuVGy4JEYqR74622ntRHMJRgKV44PgWLrzD3WFFs2T,880000000000
14N98yB7BKVHu1sJEuVsfZHEFZX4eT7GTgjvwbJsHC3B5s8d,50000000000
12WvyBw811ScrBo7X1xvm8vwWoi1Fh9FmLJqSuVmygE1cszd,90000000000
12EuM7SoxWESHaXgyekPUCYP8rPcSSHrV8KUZFgyGh81r4WM,400000000000
16h5dUyYeJFwFyt9PWekYTR7Ma3Bm8FCVX5dtbqxtxSX7WS5,300000000000
1WaSTAUAFRLRorVjqQsUAk5Bvd9PWLVLCzuEWooGPJee1Y9,199500000000
167emXx1cGtfooBpzZhZh3NTJ3zhCjpBNiP4fhJ2LzHhf5FE,250000000000
15SFThZwXhibwDnJLXD7Jby55JRtiwdsnnfohY2GRTnF4ge9,120000000000
133p9fpvC4bumDebEbBRMR3bAX9JFjGhNqUvdaFWirhppy1q,850000000000
13pdycD9eLbtv2bX87nqaEsFdWrRnWLeStSoYhSoexb4tPFa,140000000000
15MaEnc3t8WioQDdk5e74iugv3M6uxPnjTGgGwUDZdouYKqg,200000000000
12VYQJqJ745iZBBjmfRY1adMbYrjdArK5AftxT26oyqpgJcM,70000000000
16MidpQDhmcn9evB5G5RTcQM1FTKLhgfEuo8EHeQtzVUzvvJ,60000000000
13rNP5sxnubKee8Q49hNDK1ASMsG6qcpvgkRryKFbQ4YpG8P,60000000000
13BDo7eQygEN5G5MgwAF1c4TqUYNmBiG7QA7KuGx2qP2NsgF,394500000000
15GXgv2Lzy8YpGYBP2etgv3QBd5ThiVMvQix9Eg5CD2qoSQu,50000000000
14x8gZjJpyXyckpM5bbX2Mm8iy7x7CVwPBMzwzfimsUfcJLi,200000000000
12LKibue9XMDFKjiYGp69Lz9fpSQEJg5yK26PHLLkCrgdnts,60000000000
12qBwvi7mc3SWmD8xuQVax4uM2PQHpkSaHmRQs1ZKCcXQVoo,105000000000
15r5iK2SAjWfchoMtWsN8Dwy9VSzLpu2ndrJaufMdRXqU793,6186000000000
1Vz5ysXGeWaCXyZKMn242g3x2MdYaBE6vkAGbtTRjpfZdoG,60000000000
13zHL6bPeDdkG5b7L5CHjjtWrZ5h5mw9FqnMHq4dHcrFPagX,108500000000
12b8F2XAMvY8jzRJYJJLvgtUsNtdg6nawrY9F1TQww83kZhB,55000000000
12my7ibHPgSNys54kcXA1pukvn1ps48ctNN1uaN94K8Wdxwp,300000000000
15b3iinDE8b61PKqptKneHuiLNwSb7B57SkQXRzWDB6ATq7V,300000000000
1xsDYqCtgvagxwWPD9FdPsdc1grKy399s5bDJsYgPuWubUt,100000000000
1TbV8Sbu9nCiz1fr5wjvSxKsUsQmLcQVmdZZV9uqhqgbGZJ,50000000000
133Mi2NgnGyVUMiL1rF3cLp3CyY4f8gaH9xDUQhSupjtWfLw,270000000000
12GqE6uCTtBFTpwBMn1zYMoU1APdsP2ZnKdXqahFcBahEXsd,50000000000
